State_Name,Assembly_No,Year,month,Constituency_No,Constituency_Name,Turnout_Percentage,Vote_Share_Percentage,Constituency_Type,Electors,N_Cand,Position,Sex,Party,Votes,Elected,Margin_Percentage,Runner,Runner_Party,Runner_Sex,Nota_Percentage,Last_Party,Last_Elected,Vote_Share_Change_pct,Turnout_Change_pct,Margin_Change_pct,Party_Change
Sikkim,9,2019,4,1,YOKSAM-TASHIDING,84.88,48.52,BL,13808,5,1,Male,SKM,5686,SANGAY LEPCHA,0.67,DICHEN WANGCHUK BHUTIA,SDF,F,1.13,SDF,SONAM DADUL BHUTIA,-19.81,-1.14,-41.86,SKM
Sikkim,9,2019,4,2,YANGTHANG,82.58,48.47,General,12952,6,1,Male,SKM,5184,BHIM HANG LIMBOO,0.44,DAL BDR. SUBBA,SDF,M,0.69,SDF,CHANDRA MAYA LIMBOO (SUBBA),-7.53,-1.90000000000001,-17.17,SKM
Sikkim,9,2019,4,3,MANEYBUNG-DENTAM,85.25,55.15,General,15174,3,1,Male,SDF,7134,NARENDRA KUMAR SUBBA,11.63,PURNA HANG SUBBA,SKM,M,1.33,SDF,NARENDRA KUMAR SUBBA,-17.28,-0.540000000000006,-37.22,""
Sikkim,9,2019,4,4,GYALSHING-BARNYAK,82.81,57.06,General,12406,5,1,Male,SKM,5862,LOK NATH SHARMA,17.66,LAXUMAN SHARMA,SDF,M,0.71,SDF,SHER BAHADUR SUBEDI,6.2,-2.25,10.48,SKM
Sikkim,9,2019,4,5,RINCHENPONG,85.38,52.24,BL,14756,5,1,Male,SDF,6582,KARMA SONAM LEPCHA,8.48,PHURBA TSH. BHUTIA,SKM,M,0.87,SDF,KARMA SONAM LEPCHA,-16.13,-0.480000000000004,-32.99,""
Sikkim,9,2019,4,6,DARAMDIN,82.99,49.08,BL,15269,7,1,Male,SKM,6219,MINGMA NORBU SHERPA,2.65,PEM NORBU SHERPA,SDF,M,0.62,SDF,DANORBU SHERPA,-5.81,-1.66000000000001,-11.44,SKM
Sikkim,9,2019,4,7,SOREONG-CHAKUNG,84.29,50.08,General,15589,3,1,Male,SKM,6580,ADITYA GOLAY (TAMANG),1.58,SANCHA RAJ SUBBA,SDF,M,1.43,SDF,RAM BAHADUR LIMBOO (SUBBA),-5.32,-1.17999999999999,-14.62,SKM
Sikkim,9,2019,4,8,SALGHARI-ZOO,81.62,49.27,SC,10942,5,1,Female,SKM,4400,SUNITA GAJMER,1.04,DHAN KUMARI KAMI,SDF,F,0.79,SDF,ARJUN KUMAR GHATANI,-3.36,-2.08,-8.61,SKM
Sikkim,9,2019,4,9,BARFUNG,81.23,49.13,BL,14875,4,1,Male,SDF,5936,TASHI THENDUP BHUTIA,0.8,LOBZANG BHUTIA,SKM,M,1.15,SDF,DORJEE DAZOM BHUTIA,-14.66,-3.5,-29.74,""
Sikkim,9,2019,4,10,POKLOK-KAMRANG,83.89,59.09,General,15595,6,1,Male,SDF,7731,PAWAN CHAMLING,22.16,KHARKA BAHADUR RAI,SKM,M,0.83,SDF,KEDAR NATH RAI,-9.75999999999999,-2.29000000000001,-18.06,""
Sikkim,9,2019,4,11,NAMCHI-SINGHITHANG,79.17,50.31,General,12689,6,1,Male,SDF,5054,PAWAN CHAMLING,3.75,GANESH RAI,SKM,M,0.75,SDF,PAWAN CHAMLING,-4.77,-0.700000000000003,-8.76,""
Sikkim,9,2019,4,12,MELLI,81.69,50.25,General,15479,7,1,Female,SDF,6354,FARWANTI TAMANG,6.84,TILAK BASNET,SKM,M,1.31,SDF,TULSHI DEVI RAI,-17.07,-2.88,-30.53,""
Sikkim,9,2019,4,13,NAMTHANG-RATEYPANI,82.71,53.59,General,15451,7,1,Male,SKM,6848,SANJEET KHAREL,10.21,BIRJAN TAMANG,SDF,M,0.7,SDF,TILU GURUNG,-0.25,-0.820000000000007,-0.25,SKM
Sikkim,9,2019,4,14,TEMI-NAMPHING,82.73,51.7,General,14225,5,1,Male,SKM,6084,BEDU SINGH PANTH,6.54,GARJAMAN GURUNG,SDF,M,0.7,SDF,GARJAMAN GURUNG,-3.68,-1.02,-7.06,SKM
Sikkim,9,2019,4,15,RANGANG-YANGANG,82.58,53.47,General,13919,7,1,Female,SDF,6146,RAJ KUMARI THAPA,13.27,RAJ KUMAR BASNET,SKM,M,0.61,SDF,PAWAN CHAMLING,-10.37,-1.90000000000001,-18.35,""
Sikkim,9,2019,4,16,TUMEN-LINGI,83.46,49.89,BL,15888,4,1,Male,SDF,6615,UGEN T. GYATSO BHUTIA,2.41,SAMDUP TSHERING BHUTIA,SKM,M,0.87,SDF,UGEN T. GYATSO BHUTIA,-12.37,-1.42,-25.23,""
Sikkim,9,2019,4,17,KHAMDONG-SINGTAM,81.2,50.39,General,13067,7,1,Male,SKM,5347,MANI KUMAR SHARMA,8.23,GARJAMAN GURUNG,SDF,M,0.58,SDF,SOM NATH POUDYAL,1.26,-2.72,5.42,SKM
Sikkim,9,2019,4,18,WEST PENDA,77.97,49.64,SC,14984,9,1,Male,SKM,5799,L .B DAS,7.69,GOPAL BARAILY,SDF,M,0.71,SKM,GOPAL BARAILY,-2.81,-4.66,-1.28,""
Sikkim,9,2019,4,19,RHENOCK,81.88,56.44,General,17396,8,1,Male,SKM,8039,BISHNU KUMAR SHARMA,21.67,HEMENDRA ADHIKARI,SDF,M,1,SKM,HEMENDRA ADHIKARI,6.39,-2.59,14.23,""
Sikkim,9,2019,4,20,CHUJACHEN,79.96,51.12,General,17776,8,1,Male,SDF,7266,KRISHNA BAHADUR RAI,9.34,DAMBER KUMAR PRADHAN,SKM,M,0.68,SDF,BIKRAM PRADHAN,-9.86,-3.13000000000001,-17.2,""
Sikkim,9,2019,4,21,GNATHANG-MACHONG,84.1,62.97,BL,12048,5,1,Male,SDF,6380,DORJEE TSHERING LEPCHA,28.82,TSHERING BHUTIA,SKM,M,0.85,SDF,DORJEE TSH. LEPCHA,4.76,-1.41000000000001,6.59,""
Sikkim,9,2019,4,22,NAMCHEYBUNG,82.15,49.52,General,15095,7,1,Male,SDF,6141,EM PRASAD SHARMA,7.83,DENIS RAI,SKM,M,0.73,SDF,BEK BAHADUR RAI,-1.2,-3.03999999999999,2.17,""
Sikkim,9,2019,4,23,SHYARI,77.69,54.31,BL,15732,4,1,Male,SKM,6638,KUNGA NIMA LEPCHA,11.09,KARMA WANGDI BHUTIA,SDF,M,1.08,SKM,KUNGA NIMA LEPCHA,2.08000000000001,-3.07000000000001,3.87,""
Sikkim,9,2019,4,24,MARTAM-RUMTEK,81.02,45.4,BL,16975,7,1,Male,SDF,6244,DORJEE TSHERING LEPCHA,0.53,SONAM TSHERING VENCHUNGPA,SKM,M,0.86,SKM,MECHUNG BHUTIA,-4.84,-2.04000000000001,-3.44,SDF
Sikkim,9,2019,4,25,UPPER TADONG,72.92,51.01,General,10334,6,1,Male,SDF,3844,GAY TSHERING DHUNGEL,5.52,ANAND LAMA,SKM,M,0.74,SKM,TIMOTHY WILLIAM BASNETT,2.4,-3.67999999999999,3.74,SDF
Sikkim,9,2019,4,26,ARITHANG,69,40.02,General,11408,6,1,Male,SKM,3150,ARUN KUMAR UPRETI,6.02,ASHIS RAI,IND,M,0.84,SKM,SHYAM PRADHAN,-17.9,-4.22,-17.08,""
Sikkim,9,2019,4,27,GANGTOK,63.76,51.68,BL,11649,7,1,Male,SKM,3838,KUNGA NIMA LEPCHA,11.96,PINTSO CHOPEL,SDF,M,0.51,SKM,PINTSO CHOPEL,-9.6,-4.41,-15.58,""
Sikkim,9,2019,4,28,UPPER BURTUK,77.45,51.77,General,15231,6,1,Male,SDF,6107,DILLI RAM THAPA,6.42,NAGENDRA BIKRAM GURUNG,SKM,M,0.79,SKM,PREM SINGH TAMANG,1.04000000000001,-3.97,0.91,SDF
Sikkim,9,2019,4,29,KABI LUNGCHUK,81.83,55.07,BL,12661,5,1,Male,SKM,5705,KARMA LODAY BHUTIA,13.87,UGEN NEDUP BHUTIA,SDF,M,0.94,SKM,UGEN NEDUP BHUTIA,5.89,-3,12.53,""
Sikkim,9,2019,4,30,DJONGU,88.41,66.17,BL,9595,5,1,Male,SDF,5613,PINTSO NAMGYAL LEPCHA,35.38,CHUNGKIPU LEPCHA,SKM,F,0.6,SDF,SONAM GYATSO LEPCHA,2.5,-0.400000000000006,5.39,""
Sikkim,9,2019,4,31,LACHEN MANGAN,85.41,53.8,BL,7867,3,1,Male,SKM,3615,SAMDUP LEPCHA,8.69,TSHERING WANGDI LEPCHA,SDF,M,1.09,SDF,TSHERING WANGDI LEPCHA,0.369999999999997,0.280000000000001,-0.83,SKM
Sikkim,9,2019,4,32,SANGHA,72.15,62.63,General,3293,4,1,Male,SKM,1488,SONAM LAMA,26.52,TSHERING LAMA,SDF,M,0.55,SKM,SONAM LAMA,12.77,-3.53999999999999,20.83,""
Sikkim,8,2014,5,1,YOKSAM-TASHIDING,86.02,68.33,BL,11530,3,1,Male,SDF,6777,SONAM DADUL BHUTIA,42.53,THUTOP BHUTIA,SKM,M,2.21,SDF,DAWCHO LEPCHA,-3.42,-0.920000000000002,-8.99,""
Sikkim,8,2014,5,2,YANGTHANG,84.48,56,General,11015,4,1,Female,SDF,5211,CHANDRA MAYA LIMBOO (SUBBA),17.61,KHARKA BDR. SUBBA,SKM,M,1.71,SDF,PREM LALL SUBBA,-17.19,-1.50999999999999,-35.98,""
Sikkim,8,2014,5,3,MANEYBUNG-DENTAM,85.79,72.43,General,12451,4,1,Male,SDF,7737,NARENDRA KUMAR SUBBA,48.85,BIRBAL TAMLING,SKM,M,1.46,SDF,CHANDRA MAYA SUBBA,0.440000000000012,-0.959999999999994,-1.27,""
Sikkim,8,2014,5,4,GYALSHING-BARNYAK,85.06,50.86,General,10469,5,1,Male,SDF,4529,SHER BAHADUR SUBEDI,7.18,LOK NATH SHARMA,SKM,M,1.66,SDF,MAN BAHADUR DAHAL,-17.27,0.740000000000009,-39.59,""
Sikkim,8,2014,5,5,RINCHENPONG,85.86,68.37,BL,12515,5,1,Male,SDF,7347,KARMA SONAM LEPCHA,41.47,PEMA KINZANG BHUTIA,SKM,M,0.9,SDF,DAWA NORBU TAKARPA,-4.31999999999999,-1.09999999999999,-7,""
Sikkim,8,2014,5,6,DARAMDIN,84.65,54.89,BL,13452,3,1,Male,SDF,6250,DANORBU SHERPA,14.09,MINGMA NORBU SHERPA,SKM,M,1.62,SDF,TENZI SHERPA,-14.08,-0.179999999999993,-35.72,""
Sikkim,8,2014,5,7,SOREONG-CHAKUNG,85.47,55.4,General,13930,4,1,Male,SDF,6596,RAM BAHADUR LIMBOO (SUBBA),16.2,BHARATI SHARMA,SKM,F,1.97,SDF,RAN BAHADUR SUBBA,-11.1,0.849999999999994,-25.96,""
Sikkim,8,2014,5,8,SALGHARI-ZOO,83.7,52.63,SC,9649,4,1,Male,SDF,4250,ARJUN KUMAR GHATANI,9.65,BHANU PRATAP RASAILY,SKM,M,1.6,SDF,MADAN CINTURY,-12.51,-0.920000000000002,-24.08,""
Sikkim,8,2014,5,9,BARFUNG,84.73,63.79,BL,12283,3,1,Male,SDF,6639,DORJEE DAZOM BHUTIA,30.54,PEMA WANGYAL BHUTIA,SKM,M,1.89,SDF,SONAM GYATSO BHUTIA,-6.56,-1.05,-14.26,""
Sikkim,8,2014,5,10,POKLOK-KAMRANG,86.18,68.85,General,13477,3,1,Male,SDF,7996,KEDAR NATH RAI,40.22,BHOJ RAJ RAI,SKM,M,1.53,SDF,PAWAN CHAMLING,-11.83,-0.139999999999986,-24.9,""
Sikkim,8,2014,5,11,NAMCHI-SINGHITHANG,79.87,55.08,General,10852,3,1,Male,SDF,4774,PAWAN CHAMLING,12.51,MILAN RAI,SKM,M,1.29,SDF,PAWAN CHAMLING,-25.89,3.03,-54,""
Sikkim,8,2014,5,12,MELLI,84.57,67.32,General,13445,3,1,Female,SDF,7655,TULSHI DEVI RAI,37.37,PREM BAHADUR KARKI,SKM,M,1.57,SDF,TULSHI DEVI RAI,-0.160000000000011,0.739999999999995,-3.85,""
Sikkim,8,2014,5,13,NAMTHANG-RATEYPANI,83.53,53.84,General,13224,4,1,Female,SDF,5947,TILU GURUNG,10.46,PREM SINGH TAMANG,SKM,M,0.99,SDF,TILU GURUNG,-11.92,0.829999999999998,-24.8,""
Sikkim,8,2014,5,14,TEMI-NAMPHING,83.75,55.38,General,12197,3,1,Male,SDF,5657,GARJAMAN GURUNG,13.6,LALIT SHARMA,SKM,M,1.76,SDF,BEDU SINGH PANTH,3.24,-1.20999999999999,-6.22,""
Sikkim,8,2014,5,15,RANGANG-YANGANG,84.48,63.84,General,11762,3,1,Male,SDF,6343,PAWAN CHAMLING,31.62,BIKASH BASNET,SKM,M,1.87,SDF,CHANDRA BDR KARKI,-4.39999999999999,-0.959999999999994,-7.63,""
Sikkim,8,2014,5,16,TUMEN-LINGI,84.88,62.26,BL,13607,4,1,Male,SDF,7191,UGEN T. GYATSO BHUTIA,27.64,NIDUP TSHERING LEPCHA,SKM,M,0.91,SDF,UGEN T GYATSO BHUTIA,6.93,-0.0200000000000102,13.06,""
Sikkim,8,2014,5,17,KHAMDONG-SINGTAM,83.92,49.13,General,11444,4,1,Male,SDF,4718,SOM NATH POUDYAL,2.81,MANI KUMAR SHARMA,SKM,M,1.67,SDF,AM PRASAD SHARMA,-7.23999999999999,-0.319999999999993,-13.79,""
Sikkim,8,2014,5,18,WEST PENDA,82.63,52.45,SC,12418,5,1,Male,SKM,5382,GOPAL BARAILY,8.97,K. K. THATAL,SDF,M,1.1,SDF,NEERU SEWA,-1.08,-0.310000000000002,-4.74,SKM
Sikkim,8,2014,5,19,RHENOCK,84.47,50.05,General,15175,6,1,Male,SKM,6415,HEMENDRA ADHIKARI,7.44,BHIM PRASAD DHUNGEL,SDF,M,1.08,SDF,BHIM PRASAD DHUNGEL,-3.67,-0.5,-6.38,SKM
Sikkim,8,2014,5,20,CHUJACHEN,83.09,60.98,General,15466,4,1,Male,SDF,7836,BIKRAM PRADHAN,26.54,KHARGA BAHADUR GURUNG,SKM,M,1.39,SDF,PURAN KR. GURUNG,-13.37,-0.829999999999998,-28.35,""
Sikkim,8,2014,5,21,GNATHANG-MACHONG,85.51,58.21,BL,10080,4,1,Male,SDF,5017,DORJEE TSH. LEPCHA,22.23,SONAM DORJEE,SKM,M,0.8,SDF,L.M. LEPCHA,-0.380000000000003,-0.269999999999996,-12.26,""
Sikkim,8,2014,5,22,NAMCHEYBUNG,85.19,50.72,General,12906,4,1,Male,SDF,5577,BEK BAHADUR RAI,5.66,DILIP RAI,SKM,M,1.43,SDF,BEK BDR. RAI,-12.65,-1.3,-25.86,""
Sikkim,8,2014,5,23,SHYARI,80.76,52.23,BL,12623,3,1,Male,SKM,5324,KUNGA NIMA LEPCHA,7.22,KARMA TEMPO NAMGYAL GYALTSEN,SDF,M,1.37,SDF,KARMA TEMPO NAMGYAL GYALTSEN,-10.92,-0.75,-21.4,SKM
Sikkim,8,2014,5,24,MARTAM-RUMTEK,83.06,50.24,BL,14512,3,1,Male,SKM,6055,MECHUNG BHUTIA,3.97,MENLOM LEPCHA,SDF,M,1.98,SDF,MENLOM LEPCHA,-13.8,-2.23,-29.74,SKM
Sikkim,8,2014,5,25,UPPER TADONG,76.6,48.61,General,8952,4,1,Male,SKM,3333,TIMOTHY WILLIAM BASNETT,1.78,BHASKER BASNETT,SDF,M,1.15,SDF,DIL BAHADUR THAPA,-7.39,-1.47,-16.78,SKM
Sikkim,8,2014,5,26,ARITHANG,73.22,57.92,General,9493,5,1,Male,SKM,4026,SHYAM PRADHAN,23.1,UDAI LAMA,SDF,M,1.02,SDF,NARENDRA KR. PRADHAN,-3.03,-0.430000000000007,-3.61,SKM
Sikkim,8,2014,5,27,GANGTOK,68.17,61.28,BL,10073,5,1,Male,SKM,4208,PINTSO CHOPEL,27.54,HISHEY LACHUNGPA,SDF,M,0.9,SDF,DORJEE NAMGYAL BHUTIA,0.100000000000001,-2.20999999999999,0.00999999999999801,SKM
Sikkim,8,2014,5,28,UPPER BURTUK,81.42,50.73,General,12764,4,1,Male,SKM,5272,PREM SINGH TAMANG,5.51,D. R. THAPA,SDF,M,1.34,SDF,PREM SINGH TAMANG,-27.9,-1.06,-55.22,SKM
Sikkim,8,2014,5,29,KABI LUNGCHUK,84.83,49.18,BL,11061,3,1,Male,SKM,4615,UGEN NEDUP BHUTIA,1.34,THENLAY TSHERING BHUTIA,SDF,M,1.62,SDF,THENLAY TSHERING BHUTIA,-15.28,-0.530000000000001,-27.58,SKM
Sikkim,8,2014,5,30,DJONGU,88.81,63.67,BL,8167,3,1,Male,SDF,4618,SONAM GYATSO LEPCHA,29.99,DAWA TSHERING LEPCHA,SKM,M,1.2,SDF,SONAM GYATSO LEPCHA,-16.3,-0.980000000000004,-36.21,""
Sikkim,8,2014,5,31,LACHEN MANGAN,85.13,53.43,BL,6874,3,1,Male,SDF,3127,TSHERING WANGDI LEPCHA,9.52,SAMDUP LEPCHA,SKM,M,1.35,SDF,TSHERING WANGDI LEPCHA,0.130000000000003,-4.35000000000001,-5.75,""
Sikkim,8,2014,5,32,SANGHA,75.69,49.86,General,2904,3,1,Male,SKM,1096,SONAM LAMA,5.69,PALDEN LACHUNGPA,SDF,M,1.05,SDF,PHETOOK TSH. BHUTIA,0.369999999999997,10.94,2.91,SKM
Sikkim,7,2009,5,1,YOKSAM-TASHIDING,86.94,71.75,BL,9472,4,1,Male,SDF,5909,DAWCHO LEPCHA,51.52,ADEN TSHERING LEPCHA,INC,M,,SDF,KALAWATI SUBBA,10.85,6.28,28.07,""
Sikkim,7,2009,5,2,YANGTHANG,85.99,73.19,General,9169,6,1,Male,SDF,5770,PREM LALL SUBBA,53.59,DEPAN HANG LIMBU,INC,M,,SDF,DAWA NARBU TAKARPA,7.87,1.58999999999999,21.37,""
Sikkim,7,2009,5,3,MANEYBUNG-DENTAM,86.75,71.99,General,10012,7,1,Female,SDF,6252,CHANDRA MAYA SUBBA,50.12,LAXUMAN GURUNG,INC,M,,SDF,SHER BAHADUR SUBEDI,9.55,7.79000000000001,23.28,""
Sikkim,7,2009,5,4,GYALSHING-BARNYAK,84.32,68.13,General,8647,5,1,Male,SDF,4967,MAN BAHADUR DAHAL,46.77,YOUA RAJ RAI,INC,M,,SDF,DEEPAK KUMAR GURUNG,2.70999999999999,-0.650000000000006,14.28,""
Sikkim,7,2009,5,5,RINCHENPONG,86.96,72.69,BL,10185,4,1,Male,SDF,6438,DAWA NORBU TAKARPA,48.47,PEMA KINZANG BHUTIA,INC,M,,SDF,NARENDRA KUMAR SUBBA,0.769999999999996,5.63,2.95,""
Sikkim,7,2009,5,6,DARAMDIN,84.83,68.97,BL,11122,5,1,Male,SDF,6507,TENZI SHERPA,49.81,PEM NURI SHERPA,INC,M,,SDF,DAWCHO LEPCHA,-12.61,3.05,-15.45,""
Sikkim,7,2009,5,7,SOREONG-CHAKUNG,84.62,66.5,General,11546,5,1,Male,SDF,6497,RAN BAHADUR SUBBA,42.16,NAR BAHADUR BHANDARI,INC,M,,SDF,PREM SINGH TAMANG,-27.92,0.469999999999999,-49.43,""
Sikkim,7,2009,5,8,SALGHARI-ZOO,84.62,65.14,SC,8050,6,1,Male,SDF,4437,MADAN CINTURY,33.73,JANGA BIR DARNAL,INC,M,,SDF,RAM BDR. LIMBU(SUBBA),-7.51000000000001,3.46000000000001,-14.44,""
Sikkim,7,2009,5,9,BARFUNG,85.78,70.35,BL,10023,3,1,Male,SDF,6049,SONAM GYATSO BHUTIA,44.8,LOBZANG BHUTIA,INC,M,,SDF,RAN BAHADUR SUBBA,-16.78,6.61,-31.15,""
Sikkim,7,2009,5,10,POKLOK-KAMRANG,86.32,80.68,General,10595,6,1,Male,SDF,7379,PAWAN CHAMLING,65.12,PURNA KUMARI RAI,INC,F,,SDF,KEDAR NATH RAI,-1.02999999999999,8.97999999999999,-0.629999999999995,""
Sikkim,7,2009,5,11,NAMCHI-SINGHITHANG,76.84,80.97,General,9086,6,1,Male,SDF,5653,PAWAN CHAMLING,66.51,KHUSH BDR RAI,INC,M,,SDF,DORJEE DAZOM BHUTIA,3.65000000000001,-6.70999999999999,11.88,""
Sikkim,7,2009,5,12,MELLI,83.83,67.48,General,11150,8,1,Female,SDF,6307,TULSHI DEVI RAI,41.22,DIL KRI. CHHETRI,INC,F,,,,,,,
Sikkim,7,2009,5,13,NAMTHANG-RATEYPANI,82.7,65.76,General,11011,6,1,Female,SDF,5988,TILU GURUNG,35.26,SUK BDR. TAMANG,INC,M,,,,,,,
Sikkim,7,2009,5,14,TEMI-NAMPHING,84.96,52.14,General,10332,5,1,Male,SDF,4577,BEDU SINGH PANTH,19.82,LALIT SHARMA,INC,M,,,,,,,
Sikkim,7,2009,5,15,RANGANG-YANGANG,85.44,68.24,General,9533,4,1,Male,SDF,5558,CHANDRA BDR KARKI,39.25,AVINASH YAKHA,INC,M,,SDF,AITA SINGH BARAILY (KAMI),-15.22,8.86,-29.31,""
Sikkim,7,2009,5,16,TUMEN-LINGI,84.9,55.33,BL,10700,5,1,Male,SDF,5026,UGEN T GYATSO BHUTIA,14.58,PHUCHUNG BHUTIA,INC,M,,SDF,GARJAMAN GURUNG,-20.29,5.62,-38.05,""
Sikkim,7,2009,5,17,KHAMDONG-SINGTAM,84.24,56.37,General,9051,3,1,Male,SDF,4298,AM PRASAD SHARMA,16.6,NAR BAHADUR BHANDARI,INC,M,,SDF,SOMNATH POUDYAL,-2.74,4.78999999999999,-19.74,""
Sikkim,7,2009,5,18,WEST PENDA,82.94,53.53,SC,9350,7,1,Female,SDF,4151,NEERU SEWA,13.71,JAGDISH CINTURY,INC,M,,SDF,BHIM PD. DHUNGEL,-21.92,1.98,-39.76,""
Sikkim,7,2009,5,19,RHENOCK,84.97,53.72,General,12293,7,1,Male,SDF,5611,BHIM PRASAD DHUNGEL,13.82,KEDAR NATH SHARMA,INC,M,,SDF,KARNA BDR. CHAMLING,-30.56,4.47,-54.74,""
Sikkim,7,2009,5,20,CHUJACHEN,83.92,74.35,General,12944,8,1,Male,SDF,8077,PURAN KR. GURUNG,54.89,HARKA RAJ GURUNG,INC,M,,SDF,MINGMA TSHERING SHERPA,6.94,1.44,18.58,""
Sikkim,7,2009,5,21,GNATHANG-MACHONG,85.78,58.59,BL,8113,6,1,Male,SDF,4077,L.M. LEPCHA,34.49,CHHOPEL DZONGPO BHUTIA,SHRP,M,,SDF,MANITA THAPA,-13.14,4.43000000000001,-10.29,""
Sikkim,7,2009,5,22,NAMCHEYBUNG,86.49,63.37,General,10723,7,1,Male,SDF,5877,BEK BDR. RAI,31.52,EM PRASAD SHARMA,INC,M,,SDF,BIRKHA MAN RAMUDAMU,-11.22,7.94999999999999,-19.71,""
Sikkim,7,2009,5,23,SHYARI,81.51,63.15,BL,9779,4,1,Male,SDF,5034,KARMA TEMPO NAMGYAL GYALTSEN,28.62,KUNGA NIMA LEPCHA,INC,M,,SDF,SONAM GYATSO LEPCHA,-2.19,-5.19,-2.06,""
Sikkim,7,2009,5,24,MARTAM-RUMTEK,85.29,64.04,BL,11702,6,1,Male,SDF,6392,MENLOM LEPCHA,33.71,RINZING NAMGYAL,INC,M,,SDF,HISHEY LACHUNGPA,-11.52,1.11,-17.41,""
Sikkim,7,2009,5,25,UPPER TADONG,78.07,56,General,7200,6,1,Male,SDF,3148,DIL BAHADUR THAPA,18.56,ARUN KR BASNET,INC,M,,,,,,,
Sikkim,7,2009,5,26,ARITHANG,73.65,60.95,General,7396,6,1,Male,SDF,3320,NARENDRA KR. PRADHAN,26.71,BHARAT BASNETT,INC,M,,SDF,NORZONG LEPCHA,-0.899999999999999,-7.34999999999999,-0.779999999999998,""
Sikkim,7,2009,5,27,GANGTOK,70.38,61.18,BL,8143,5,1,Male,SDF,3506,DORJEE NAMGYAL BHUTIA,27.53,TSHERING GYATSO KALEON,INC,M,,SDF,DORJEE TSHERING LEPCHA,-13.26,-11.35,-21.35,""
Sikkim,7,2009,5,28,UPPER BURTUK,82.48,78.63,General,9110,6,1,Male,SDF,5908,PREM SINGH TAMANG,60.73,ARUN KUMAR RAI,INC,M,,SDF,MENLOM LEPCHA,22.02,9.90000000000001,47.52,""
Sikkim,7,2009,5,29,KABI LUNGCHUK,85.36,64.46,BL,8765,2,1,Male,SDF,4823,THENLAY TSHERING BHUTIA,28.92,UGEN NEDUP BHUTIA,INC,M,,SDF,KUNGA ZANGPO BHUTIA,-0.310000000000002,6.20999999999999,-2.15,""
Sikkim,7,2009,5,30,DJONGU,89.79,79.97,BL,6623,3,1,Male,SDF,4756,SONAM GYATSO LEPCHA,66.2,NORDEN TSHERING LEPCHA,INC,M,,SDF,NIMTHIT LEPCHA,19.67,14.91,44.22,""
Sikkim,7,2009,5,31,LACHEN MANGAN,89.48,53.3,BL,5701,3,1,Male,SDF,2719,TSHERING WANGDI LEPCHA,15.27,ANIL LACHENPA,INC,M,,SDF,NARENDRA KR. PRADHAN,-13.39,26.98,-19.72,""
Sikkim,7,2009,5,32,SANGHA,64.75,49.49,General,3058,3,1,Male,SDF,980,PHETOOK TSH. BHUTIA,2.78,TSHERING LAMA,INC,M,,INC,TSHERING LAMA,17.16,-2.23999999999999,-1.43,SDF
Sikkim,6,2004,5,1,YOKSAM,80.66,60.9,General,8035,3,1,Female,SDF,3947,KALAWATI SUBBA,23.45,MANGAL BIR SUBBA,INC,M,,SDF,KALAWATI SUBBA,8.1,0.640000000000001,-0.850000000000001,""
Sikkim,6,2004,5,2,TASHIDING,84.4,65.32,BL,6365,3,1,Male,SDF,3509,DAWA NARBU TAKARPA,32.22,SONAM DADUL KAZI,INC,M,,SDF,THUTOP BHUTIA,10.6,1.14,20.4,""
Sikkim,6,2004,5,3,GEYZING,78.96,62.44,General,8574,4,1,Male,SDF,4227,SHER BAHADUR SUBEDI,26.84,DAL BDR. GURUNG,INC,M,,SDF,SHER BAHADUR SUBEDI,7.87,-1.31,13.48,""
Sikkim,6,2004,5,4,DENTAM,84.97,65.42,General,7480,3,1,Male,SDF,4158,DEEPAK KUMAR GURUNG,32.49,SHER HANG SUBBA,INC,M,,SDF,NARENDRA KUMAR SUBBA,13.01,-0.670000000000002,24.47,""
Sikkim,6,2004,5,5,BARMIOK,81.33,71.92,General,6888,4,1,Male,SDF,4029,NARENDRA KUMAR SUBBA,45.52,PUSPAK RAM SUBBA,INC,M,,SDF,TULSHI PD. PRADHAN,26.17,1.51000000000001,39.05,""
Sikkim,6,2004,5,6,RINCHENPONG,81.78,81.58,BL,7948,4,1,Male,SDF,5303,DAWCHO LEPCHA,65.26,PEMA KINZANG BHUTIA,INC,M,,SDF,ONGDEN TSHERING LEPCHA,20.14,0.920000000000002,37.59,""
Sikkim,6,2004,5,7,CHAKUNG,84.15,94.42,General,8435,4,1,Male,SDF,6702,PREM SINGH TAMANG,91.59,SATISH MOHAN PRADHAN,INC,M,,SDF,PREM SINGH TAMANG,36.48,2.42,72.9,""
Sikkim,6,2004,5,8,SOREONG,81.16,72.65,General,9419,3,1,Male,SDF,5553,RAM BDR. LIMBU(SUBBA),48.17,ASHOK KUMAR SUBBA,INC,M,,SDF,RAM BAHADUR SUBBA,22.84,-0.370000000000005,47.22,""
Sikkim,6,2004,5,9,DARAMDIN,79.17,87.13,General,9248,3,1,Male,SDF,6380,RAN BAHADUR SUBBA,75.95,AMAR SUBBA,INC,M,,SDF,RAN BAHADUR SUBBA,25.24,-2.8,51.43,""
Sikkim,6,2004,5,10,JORTHANG-NAYABAZAR,77.34,81.71,General,12442,3,1,Male,SDF,7863,KEDAR NATH RAI,65.75,PURNA KRI. RAI,INC,F,,SDF,BHOJ RAJ RAI,26.37,-2.95,51.97,""
Sikkim,6,2004,5,11,RALANG,83.55,77.32,BL,6395,2,1,Male,SDF,4131,DORJEE DAZOM BHUTIA,54.63,CHOZANG BHUTIA,INC,M,,SDF,DORJI DAZOM BHUTIA,23.01,0.209999999999994,26.57,""
Sikkim,6,2004,5,15,RATEYPANI - WEST PENDAM,76.58,83.46,SC,10253,3,1,Male,SDF,6553,AITA SINGH BARAILY (KAMI),68.56,JANGA BIR DARNAL,INC,M,,SDF,CHANDRA KUMAR MOHORA,27.32,-5.78,55.36,""
Sikkim,6,2004,5,16,TEMI-TARKU,79.28,75.62,General,10680,3,1,Male,SDF,6403,GARJAMAN GURUNG,52.63,LAXMI PRASAD TIWARI,INC,M,,SDF,GARJAMAN GURUNG,16.91,-2.40000000000001,34.94,""
Sikkim,6,2004,5,17,CENTRAL PENDAM-EAST PENDAM,79.45,59.11,General,11966,4,1,Male,SDF,5620,SOMNATH POUDYAL,36.34,NAR BAHADUR BHANDARI,INC,M,,SSP,SANG DORJEE TAMANG,8.31,-0.0900000000000034,33.61,SDF
Sikkim,6,2004,5,18,RHENOCK,80.96,75.45,General,7607,3,1,Male,SDF,4647,BHIM PD. DHUNGEL,53.47,KHARANANDA UPRETI,INC,M,,SSP,NAR BDR. BHANDARI,19.48,1.66,40.36,SDF
Sikkim,6,2004,5,19,REGU,80.5,84.28,General,8345,2,1,Male,SDF,5662,KARNA BDR. CHAMLING,68.56,ARUN KUMAR RAI,INC,M,,SDF,KARNA BDR. CHAMLING,33.37,-1,66.17,""
Sikkim,6,2004,5,20,PATHING,82.48,67.41,BL,8866,3,1,Male,SDF,4930,MINGMA TSHERING SHERPA,36.31,TSETEN TASHI BHUTIA,INC,M,,SSP,SONAM DORJEE,14.78,-0.25,24.37,SDF
Sikkim,6,2004,5,21,LOOSING PACHEKHANI,81.35,71.73,General,7530,3,1,Female,SDF,4394,MANITA THAPA,44.78,BHARAT BASNETT,INC,M,,SSP,JAI KR. BHANDARI,23.77,-1.14,44.7,SDF
Sikkim,6,2004,5,22,KHAMDONG,78.54,74.59,SC,10516,3,1,Male,SDF,6160,BIRKHA MAN RAMUDAMU,51.23,SANTOSH KUMAR BARDEWA,INC,M,,SDF,GOPAL LAMICHANEY,14.66,-3.3,30.58,""
Sikkim,6,2004,5,23,DJONGU,86.7,65.34,BL,5903,2,1,Male,SDF,3344,SONAM GYATSO LEPCHA,30.68,SONAM CHYODA LEPCHA,INC,M,,SSP,SONAM GYATSO LEPCHA,13.68,1.79000000000001,27,SDF
Sikkim,6,2004,5,24,LACHEN MANGSHILA,84.18,75.56,BL,7713,2,1,Male,SDF,4906,HISHEY LACHUNGPA,51.12,ANIL LACHENPA,INC,M,,SDF,HISHEY LACHUNGPA,16.01,-1.66999999999999,31.67,""
Sikkim,6,2004,5,26,RAKDONG TENTEK,81,61.85,BL,7602,3,1,Male,SDF,3809,NORZONG LEPCHA,27.49,PHUCHUNG BHUTIA,INC,M,,SSP,MINGMA TSH. SHERPA,10.32,4.45999999999999,-3.23,SDF
Sikkim,6,2004,5,27,MARTAM,81.73,74.44,BL,9316,2,1,Male,SDF,5668,DORJEE TSHERING LEPCHA,48.88,SONAM TSH. BHUTIA,INC,M,,SDF,DORJEE TSH. LEPCHA,12.18,2.04000000000001,22.92,""
Sikkim,6,2004,5,28,RUMTEK,72.58,56.61,BL,13726,2,1,Male,SDF,5639,MENLOM LEPCHA,13.21,DELAY NAMGYAL BARFUNGPA,INC,M,,SDF,KARMA TEMPO NAMGYAL GYALTSEN,6.38,-4.08,10.96,""
Sikkim,6,2004,5,29,ASSAM-LINGJEY,79.15,64.77,BL,9052,3,1,Male,SDF,4641,KUNGA ZANGPO BHUTIA,31.07,KUNGA NIMA LEPCHA,INC,M,,SDF,TSETEN TASHI BHUTIA,19.45,-2.41999999999999,29.52,""
Sikkim,6,2004,5,30,RANKA,74.88,60.3,BL,11258,3,1,Female,SDF,5083,NIMTHIT LEPCHA,21.98,PINTSO CHOPEL LEPCHA,INC,M,,SDF,TSETEN DORJEE LEPCHA,3.82,-5.07000000000001,7.55,""
Sikkim,6,2004,5,31,GANGTOK,62.5,66.69,General,14280,4,1,Male,SDF,5952,NARENDRA KR. PRADHAN,34.99,NAR BAHADUR BHANDARI,INC,M,,SSP,NARENDRA KR. PRADHAN,17.8,-3.73999999999999,29.62,SDF
Sikkim,6,2004,5,32,SANGHA,66.99,32.33,General,3117,6,1,Male,INC,675,TSHERING LAMA,4.21,PALDEN LAMA,IND,M,,IND,PALDEN LAMA,-34.02,7.02,-43.38,INC
Sikkim,5,1999,10,1,YOKSAM,80.02,52.8,General,7668,4,1,Female,SDF,3240,KALAWATI SUBBA,24.3,MANGALBIR SUBBA,SSP,M,,IND,ASHOK KUMAR SUBBA,12.09,0.22999999999999,21.65,SDF
Sikkim,5,1999,10,2,TASHIDING,83.26,54.72,ST,6014,3,1,Male,SDF,2740,THUTOP BHUTIA,11.82,SONAM DADUL KAZI,SSP,M,,SSP,THUTOP BHUTIA,18.68,2.63000000000001,8.93,SDF
Sikkim,5,1999,10,3,GEYZING,80.27,54.57,General,7571,3,1,Male,SDF,3316,SHER BAHADUR SUBEDI,13.36,PUSPAK RAM SUBBA,SSP,M,,SDF,DAL BAHADUR GURUNG,3.3,-0.25,-12.88,""
Sikkim,5,1999,10,4,DENTAM,85.64,52.41,General,6934,3,1,Male,SDF,3112,NARENDRA KUMAR SUBBA,8.02,PADAM LALL GURUNG,SSP,M,,SDF,CHAKRA BAHADUR SUBBA,11.57,1.64,1.52,""
Sikkim,5,1999,10,5,BARMIOK,79.82,45.75,General,6443,3,1,Male,SDF,2353,TULSHI PD. PRADHAN,6.47,BIRENDRA SUBBA,SSP,M,,SDF,TULSHI PD. PRADHAN,2.26,-2.31,-3.39,""
Sikkim,5,1999,10,6,RINCHENPONG,80.86,61.44,ST,7326,3,1,Male,SDF,3640,ONGDEN TSHERING LEPCHA,27.67,PEMA KINZANG BHUTIA,SSP,M,,SDF,PHUR TSH. LEPCHA,1.05,4.06999999999999,-5.08,""
Sikkim,5,1999,10,7,CHAKUNG,81.73,57.94,General,7543,3,1,Male,SDF,3572,PREM SINGH TAMANG,18.69,TIKA GURUNG,SSP,M,,SDF,PREM SINGH TAMANG,-1.54,-0.659999999999997,-9.64,""
Sikkim,5,1999,10,8,SOREONG,81.53,49.81,General,8511,3,1,Male,SDF,3456,RAM BAHADUR SUBBA,0.95,NAR BDR. BHANDARI,SSP,M,,SSP,NAR BAHADUR BHANDARI,-2.02,0.0499999999999972,-5.43,SDF
Sikkim,5,1999,10,9,DARAMDIN,81.97,61.89,General,8268,3,1,Male,SDF,4194,RAN BAHADUR SUBBA,24.52,AKAR DHOJ SUBBA,SSP,M,,SDF,RAN BAHADUR SUBBA,-0.409999999999997,-0.620000000000005,-4.91,""
Sikkim,5,1999,10,10,JORTHANG-NAYABAZAR,80.29,55.34,General,10782,4,1,Male,SDF,4791,BHOJ RAJ RAI,13.78,BHIM RAJ RAI,SSP,M,,SDF,BHOJ RAJ RAI,-3.66,-1.52,-9.49,""
Sikkim,5,1999,10,11,RALONG,83.34,54.31,ST,5901,4,1,Male,SDF,2671,DORJI DAZOM BHUTIA,28.06,UGEN TASHI BHUTIA,SSP,M,,SDF,DORJEE DAZOM BHUTIA,8.58000000000001,-0.890000000000001,8.06,""
Sikkim,5,1999,10,12,WAK,81.28,65.79,General,6142,3,1,Male,SDF,3284,KEDAR NATH RAI,32.07,MANOJ RAI,SSP,M,,SDF,KEDAR NATH RAI,12.77,0.450000000000003,12.9,""
Sikkim,5,1999,10,13,DAMTHANG,81.34,72.26,General,8425,3,1,Male,SDF,4952,PAWAN KUMAR CHAMLING,45.03,KAMAL KUMAR RAI,SSP,M,,SDF,PAWAN KUMAR CHAMLING,1.99000000000001,2.58,1.1,""
Sikkim,5,1999,10,14,MELLI,82.55,58.81,General,8361,3,1,Male,SDF,4059,GIRISH CHANDRA RAI,18.24,G. S. LAMA,SSP,M,,SDF,GIRISH CHANDRA RAI,6.18,-0.390000000000001,2.07,""
Sikkim,5,1999,10,15,RATEYPANI - WEST PENDAM,82.36,56.14,SC,8809,3,1,Male,SDF,4073,CHANDRA KUMAR MOHORA,13.2,MADAN KR. CINTURY,SSP,M,,SDF,AITA SINGH KAMI,0.5,2.34999999999999,-6.76,""
Sikkim,5,1999,10,16,TEMI-TARKU,81.68,58.71,General,9168,3,1,Male,SDF,4396,GARJAMAN GURUNG,17.69,DIL KRI. BHANDARI,SSP,F,,SDF,GARJAMAN GURUNG,1.51,6.19000000000001,-1.97,""
Sikkim,5,1999,10,17,CENTRAL PENDAM-EAST PENDAM,79.54,50.8,General,11322,3,1,Male,SSP,4575,SANG DORJEE TAMANG,2.73,DILLI PRASAD KHAREL,SDF,M,,SDF,DILLI PD. KHAREL,14.95,0.690000000000012,0.32,SSP
Sikkim,5,1999,10,18,RHENOCK,79.3,55.97,General,7579,4,1,Male,SSP,3364,NAR BDR. BHANDARI,13.11,BEDU SINGH PANTH,SDF,M,,SSP,KHARA NANDA UPRETI,9.45,-2.48,-0.65,""
Sikkim,5,1999,10,19,REGU,81.5,50.91,General,8226,3,1,Male,SDF,3413,KARNA BDR. CHAMLING,2.39,KRISHAN BDR. RAI,SSP,M,,SDF,KARNA BDR. CHAMLING,1.75,-1.20999999999999,-1.06,""
Sikkim,5,1999,10,20,PATHING,82.73,52.63,ST,8624,3,1,Male,SSP,3755,SONAM DORJEE,11.94,RAM LEPCHA,SDF,M,,SSP,RAM LEPCHA,9.23,1.35000000000001,-0.91,""
Sikkim,5,1999,10,21,LOOSING PACHEKHANI,82.49,47.96,General,7144,3,1,Male,SSP,2826,JAI KR. BHANDARI,0.08,VINOD PRADHAN,SDF,M,,SDF,DIL BDR. THAPA,16.66,1.14999999999999,-0.17,SSP
Sikkim,5,1999,10,22,KHAMDONG,81.84,59.93,SC,9190,3,1,Male,SDF,4507,GOPAL LAMICHANEY,20.65,LALL BDR. DAS,SSP,M,,SDF,GOPAL LAMICHANEY,7.72,2.40000000000001,3.1,""
Sikkim,5,1999,10,23,DJONGU,84.91,51.66,ST,5469,3,1,Male,SSP,2399,SONAM GYATSO LEPCHA,3.68,SONAM CHYODA LEPCHA,SDF,M,,INC,SONAM GHYODA LEPCHA,11.34,4.17,2.46,SSP
Sikkim,5,1999,10,24,LACHEN MANGSHILA,85.85,59.55,ST,7378,3,1,Male,SDF,3772,HISHEY LACHUNGPA,19.45,NEDUP TSH. LACHENPA,SSP,M,,SDF,HISHEY LACHUNGPA,14.13,6.47999999999999,1.88,""
Sikkim,5,1999,10,25,KABI TINGDA,84.74,43.07,ST,5557,3,1,Male,SDF,2028,THINLEY TSHERING BHUTIA,12.95,T. LACHUNGPA,INC,M,,SDF,THENLAY TSERING BHUTIA,4.02,10.07,11.57,""
Sikkim,5,1999,10,26,RAKDONG TENTEK,76.54,51.53,ST,7157,5,1,Male,SSP,2823,MINGMA TSH. SHERPA,30.72,DANORBU SHERPA,SDF,M,,SSP,MINGMA TSH. SHERPA,-3.01,-2.75,-6.89,""
Sikkim,5,1999,10,27,MARTAM,79.69,62.26,ST,8589,3,1,Male,SDF,4262,DORJEE TSH. LEPCHA,25.96,NUK TSH. BHUTIA,SSP,M,,SSP,DORJEE TSH. LEPCHA,12.29,-1.61,3.84,SDF
Sikkim,5,1999,10,28,RUMTEK,76.66,50.23,ST,11235,3,1,Male,SDF,4326,KARMA TEMPO NAMGYAL GYALTSEN,2.25,O.T.BHUTIA,SSP,M,,SSP,MENLOM LEPCHA,6.36,-1.92,-12.18,SDF
Sikkim,5,1999,10,29,ASSAM-LINGJEY,81.57,45.32,ST,7983,4,1,Male,SDF,2951,TSETEN TASHI BHUTIA,1.55,KUNGA ZANGPO BHUTIA,SSP,M,,SSP,TSETEN TASHI,13.64,-1.36000000000001,-2.19,SDF
Sikkim,5,1999,10,30,RANKA,79.95,56.48,ST,9465,3,1,Male,SDF,4274,TSETEN DORJEE LEPCHA,14.43,PINTSO CHOPEL LEPCHA,SSP,M,,SSP,RINZING ONGMU,18.92,0.150000000000006,14.12,SDF
Sikkim,5,1999,10,31,GANGTOK,66.24,48.89,General,13303,5,1,Male,SSP,4308,NARENDRA KR. PRADHAN,5.37,K. B. GURUNG,SDF,M,,SSP,NARENDRA KR. PRADHAN,9.34,-4.78,-4.92,""
Sikkim,5,1999,10,32,SANGHA,59.97,66.35,General,3290,3,1,Male,IND,1309,PALDEN LAMA,47.59,NAMKHA GYALTSEN LAMA,INC,M,,INC,NAMKHAGYALTSEN LAMA,19.27,7.18,39.98,IND
Sikkim,4,1994,11,1,YOKSAM,79.79,40.71,General,6868,4,1,Male,IND,2231,ASHOK KUMAR SUBBA,2.65,SANCHAMAN SUBBA,INC,M,,SSP,SANCHAMAN SUBBA,-19.56,19.68,-22.04,IND
Sikkim,4,1994,11,2,TASHIDING,80.63,36.04,ST,5658,7,1,Male,SSP,1644,THUTOP BHUTIA,2.89,RINZING WANGYAL KAZI,SDF,M,,SSP,UGEN PRITSO BHUTIA,-53.02,13.51,-76.66,""
Sikkim,4,1994,11,3,GEYZING,80.52,51.27,General,7008,6,1,Male,SDF,2893,DAL BAHADUR GURUNG,26.24,DAL BAHADUR KARKI,SSP,M,,SSP,MAN BAHADUR DAHAL,-21.14,12.77,-24.91,SDF
Sikkim,4,1994,11,4,DENTAM,84,40.84,General,6393,4,1,Male,SDF,2193,CHAKRA BAHADUR SUBBA,6.5,PADAM LAL GURUNG,SSP,M,,SSP,PADAM LALL GURUNG,-33.3,15.38,-54.11,SDF
Sikkim,4,1994,11,5,BARMIOK,82.13,43.49,General,5619,6,1,Male,SDF,2007,TULSHI PD. PRADHAN,9.86,BIRENDRA SUBBA,SSP,M,,SSP,BIR BAL SUBBA,-25.76,13.14,-32.97,SDF
Sikkim,4,1994,11,6,RINCHENPONG,76.79,60.39,ST,6859,5,1,Male,SDF,3181,PHUR TSH. LEPCHA,32.75,PHURBA SHERPA,SSP,M,,SSP,CHONG LAMU BHUTIA,-9.66,12.74,-13,SDF
Sikkim,4,1994,11,7,CHAKUNG,82.39,59.48,General,6881,4,1,Male,SDF,3372,PREM SINGH TAMANG,28.33,TIKA GURUNG,SSP,M,,SSP,TARA MAN RAI,-23.79,14.77,-42.9,SDF
Sikkim,4,1994,11,8,SOREONG,81.48,51.83,General,7792,4,1,Male,SSP,3291,NAR BAHADUR BHANDARI,6.38,MAN BAHADUR SUBBA,SDF,M,,SSP,NAR BAHADUR BHANDARI,-39.7,11.49,-77.38,""
Sikkim,4,1994,11,9,DARAMDIN,82.59,62.3,General,7448,5,1,Male,SDF,3832,RAN BAHADUR SUBBA,29.43,PADAM BAHADUR GURUNG,SSP,M,,SSP,PADAM BAHADUR GURUNG,-15.64,14.27,-28.59,SDF
Sikkim,4,1994,11,10,JORTHANG-NAYABAZAR,81.81,59,General,8619,5,1,Male,SDF,4160,BHOJ RAJ RAI,23.27,DIL KUMARI BHANDARI,SSP,F,,SSP,BHIM RAJ RAI,-17.11,9.95,-32.75,SDF
Sikkim,4,1994,11,11,RALONG,84.23,45.73,ST,5237,5,1,Male,SDF,2017,DORJEE DAZOM BHUTIA,20,UGEN TASHI BHUTIA,SSP,M,,SSP,SONAM GYATSO KALEON,-44.01,17.5,-60.74,SDF
Sikkim,4,1994,11,12,WAK,80.83,53.02,General,5369,5,1,Male,SDF,2301,KEDAR NATH RAI,19.17,BEDU SINGH PANTH,SSP,M,,SSP,BEDU SINGH PANT,-35.61,17.89,-62.47,SDF
Sikkim,4,1994,11,13,DAMTHANG,78.76,70.27,General,7054,4,1,Male,SDF,3904,PAWAN KUMAR CHAMLING,43.93,KUMAR SUBBA,SSP,M,,SSP,PAWAN KUMAR CHAMLING,-24,8.55000000000001,-44.61,SDF
Sikkim,4,1994,11,14,MELLI,82.94,52.63,General,7120,6,1,Male,SDF,3108,GIRISH CHANDRA RAI,16.17,MANITA PRADHAN,SSP,F,,SSP,DILLIRAM BASNET,-23.06,12.77,-45.56,SDF
Sikkim,4,1994,11,15,RATEYPANI - WEST PENDAM,80.01,55.64,SC,7658,7,1,Male,SDF,3409,AITA SINGH KAMI,19.96,MADAN KUMAR CINTURY,SSP,M,,SSP,CHANDRA KUMAR MOHORA,-19.57,14.27,-41.92,SDF
Sikkim,4,1994,11,16,TEMI-TARKU,75.49,57.2,General,7580,5,1,Male,SDF,3273,GARJAMAN GURUNG,19.66,INDRA BAHADUR RAI,SSP,M,,SSP,I. B. RAI,-17.9,9.78,-38.26,SDF
Sikkim,4,1994,11,17,CENTRAL PENDAM-EAST PENDAM,78.85,35.85,General,9593,8,1,Male,SDF,2712,DILLI PD. KHAREL,2.41,SANG DORJEE TAMANG,SSP,M,,SSP,SUKUMAR PRADHAN,-23,6.36,-22.69,SDF
Sikkim,4,1994,11,18,RHENOCK,81.78,46.52,General,6140,5,1,Male,SSP,2336,KHARA NANDA UPRETI,13.76,BIRAJ ADHIKARI,SDF,M,,SSP,KHARANANDA UPRETY,-13.75,6.7,-13.13,""
Sikkim,4,1994,11,19,REGU,82.71,49.16,General,6442,6,1,Male,SDF,2619,KARNA BDR. CHAMLING,3.45,KRISHNA BDR. RAI,SSP,M,,SSP,RAJENDRA PRASAD UPRETY,-8.53,5.02999999999999,-17.98,SDF
Sikkim,4,1994,11,20,PATHING,81.38,43.4,ST,7432,8,1,Male,SSP,2625,RAM LEPCHA,12.85,SONAM DORJEE,SDF,M,,SSP,RAM LEPCHA,-25.35,7.83999999999999,-26.91,""
Sikkim,4,1994,11,21,LOOSING PACHEKHANI,81.34,31.3,General,5880,6,1,Male,SDF,1497,DIL BDR. THAPA,0.25,JAI KR. BHANDARI,SSP,M,,SSP,RUPRAJ RAI,-20.96,7.56,-7.99,SDF
Sikkim,4,1994,11,22,KHAMDONG,79.44,52.21,SC,7860,7,1,Male,SDF,3260,GOPAL LAMICHANEY,17.55,GANJU THATAL,SSP,M,,SSP,BIRKHAMAN RAMUDAMU,-19.05,13.09,-32.89,SDF
Sikkim,4,1994,11,23,DJONGU,80.74,40.32,ST,4761,4,1,Male,INC,1550,SONAM GHYODA LEPCHA,1.22,SONAM DORJEE LEPCHA,SSP,M,,SSP,SONAM CHHYODA LEPCHA,-32.7,3.22,-46.33,INC
Sikkim,4,1994,11,24,LACHEN MANGSHILA,79.37,45.42,ST,6424,3,1,Male,SDF,2316,HISHEY LACHUNGPA,17.57,TSETEN LEPCHA,INC,M,,SSP,TASA TENGEY LEPCHA,-22.67,8.37,-21.86,SDF
Sikkim,4,1994,11,25,KABI TINGDA,74.67,39.05,ST,5330,4,1,Male,SDF,1554,THENLAY TSERING BHUTIA,1.38,T. LACHUNGPA,INC,M,,SSP,HANGU TSHERING BHUTIA,-19,1.3,-15.91,SDF
Sikkim,4,1994,11,26,RAKDONG TENTEK,79.29,54.54,ST,6556,9,1,Male,SSP,2835,MINGMA TSH. SHERPA,37.61,PHUCHUNG BHUTIA,INC,M,,SSP,PHUCHUNG BHUTIA,-11.2,6.53,2.38,""
Sikkim,4,1994,11,27,MARTAM,81.3,49.97,ST,7273,5,1,Male,SSP,2955,DORJEE TSH. LEPCHA,22.12,SAMTEN TSH. BHUTIA,SDF,M,,SSP,CHAMLA TSHERING,0.600000000000001,7.55,0.800000000000001,""
Sikkim,4,1994,11,28,RUMTEK,78.58,43.87,ST,8511,6,1,Male,SSP,2934,MENLOM LEPCHA,14.43,KARMA TEMPO NAMGYAL GYALTSEN,SDF,M,,SSP,O. T. BHUTIA,-21.42,6.28999999999999,-22.1,""
Sikkim,4,1994,11,29,ASSAM-LINGJEY,82.93,31.68,ST,5992,7,1,Male,SSP,1574,TSETEN TASHI,3.74,NAMGEY BHUTIA,SDF,M,,SSP,SONAM DUPDEN LEPCHA,-30.04,4.79000000000001,-27,""
Sikkim,4,1994,11,30,RANKA,79.8,37.56,ST,7340,8,1,Female,SSP,2200,RINZING ONGMU,0.31,TSETEN LEPCHA,SDF,M,,SSP,DORJEE TSHERING,-24.25,6.53,-26.57,""
Sikkim,4,1994,11,31,GANGTOK,71.02,39.55,General,9960,12,1,Male,SSP,2798,NARENDRA KR. PRADHAN,10.29,DILLI PD. DHUNGEL,INC,M,,SSP,MANITA PRADHAN,-16.85,4.55,-4.92,""
Sikkim,4,1994,11,32,SANGHA,52.79,47.08,General,3086,6,1,Male,INC,767,NAMKHAGYALTSEN LAMA,7.61,PALDEN LAMA,SDF,M,,SSP,NANJHA GYALTSEN,-7.64,6.99,-18.46,INC
Sikkim,3,1989,11,1,YOKSAM,60.11,60.27,General,7202,4,1,Male,SSP,2609,SANCHAMAN SUBBA,24.69,ASHOK KUMAR SUBBA,INC,M,,SSP,SANCHA MAN SUBBA,10.9,1.97,-7.12,""
Sikkim,3,1989,11,2,TASHIDING BL,67.12,89.06,General,5435,3,1,Male,SSP,3249,UGEN PRITSO BHUTIA,79.55,CHEWANG BHUTIA,INC,M,,SSP,UGEN PINTSO BHUTIA,23.11,5.12,40.34,""
Sikkim,3,1989,11,3,GEYZING,67.75,72.41,General,6472,3,1,Male,SSP,3175,MAN BAHADUR DAHAL,51.15,GARJAMAN SUBBA,RIS,M,,SSP,MAN BAHADUR DAHAL,17.42,7.69,18.42,""
Sikkim,3,1989,11,4,DENTAM,68.62,74.14,General,6097,3,1,Male,SSP,3102,PADAM LALL GURUNG,60.61,PUSPA MANI CHETTRI,RIS,M,,SSP,PADAM LALL GURUNG,-3.05,4.51000000000001,0.299999999999997,""
Sikkim,3,1989,11,5,BARMIOK,68.99,69.25,General,5492,5,1,Male,SSP,2624,BIR BAL SUBBA,42.83,RAM CHANDRA POUDYAL,RIS,M,,SSP,BIRBAL SUBBA,25.46,-0.75,40.41,""
Sikkim,3,1989,11,6,RINCHENPONG BL,64.05,70.05,General,6495,5,1,Female,SSP,2914,CHONG LAMU BHUTIA,45.75,PHUR TSERING LEPCHA,INC,M,,SSP,ONGDI BHUTIA,24.12,3.58,21.13,""
Sikkim,3,1989,11,7,CHAKUNG,67.62,83.27,General,6755,5,1,Male,SSP,3804,TARA MAN RAI,71.23,RASTAMAN RAI,IND,M,,SSP,TARAMAN RAI,26.09,1.33,51.55,""
Sikkim,3,1989,11,8,SOREONG,69.99,91.53,General,7355,3,1,Male,SSP,4712,NAR BAHADUR BHANDARI,83.76,PAHAL MAN SUBBA,INC,M,,SSP,NAR BAHADUR BHANDARI,11.05,4.42999999999999,20.47,""
Sikkim,3,1989,11,9,DARAMDIN,68.32,77.94,General,7033,4,1,Male,SSP,3745,PADAM BAHADUR GURUNG,58.02,RAM BAHADUR LIMBU,INC,M,,SSP,PADAM BAHADUR GURUNG,14.23,2.58,25.73,""
Sikkim,3,1989,11,10,JORTHANG-NAYABAZAR,71.86,76.11,General,7356,3,1,Male,SSP,4023,BHIM RAJ RAI,56.02,RAJAN GURUNG,INC,M,,SSP,BHIM RAJ RAI,7.22,2.09999999999999,2.04000000000001,""
Sikkim,3,1989,11,11,RALONG BL,66.73,89.74,General,4848,3,1,Male,SSP,2903,SONAM GYATSO KALEON,80.74,DORJEE DOZOM BHUTIA,INC,M,,SSP,SONAM GYATSO,22.32,0.890000000000001,36.2,""
Sikkim,3,1989,11,12,WAK,62.94,88.63,General,5253,3,1,Male,SSP,2930,BEDU SINGH PANT,81.64,SUK BAHADUR RAI,INC,M,,SSP,BEDU SINGH CHETTRI,19.53,1.23,38.41,""
Sikkim,3,1989,11,13,DAMTHANG,70.21,94.27,General,6387,2,1,Male,SSP,4227,PAWAN KUMAR CHAMLING,88.54,SURAJ KUMAR KHARTAN,INC,M,,SSP,PAWAN KUMAR CHAMLING,20.48,7.27,31.54,""
Sikkim,3,1989,11,14,MELLI,70.17,75.69,General,6402,4,1,Male,SSP,3400,DILLIRAM BASNET,61.73,GIRISH CHANDRA RAI,IND,M,,SSP,DILLI RAM BASNET,4.88,1.97,14.35,""
Sikkim,3,1989,11,15,RATEYPANI - WEST PENDAM,65.74,75.21,SC,6879,3,1,Male,SSP,3401,CHANDRA KUMAR MOHORA,61.88,MADHUKAR DARJEE,INC,M,,SSP,CHANDRA KUMAR MIHORA,6.75999999999999,1.30999999999999,10.28,""
Sikkim,3,1989,11,16,TEMI-TARKU,65.71,75.1,General,6264,4,1,Male,SSP,3091,I. B. RAI,57.92,BADRINATH PRADHAN,IND,M,,SSP,INDRA BAHADUR RAI,5.27,1.66,-1.17,""
Sikkim,3,1989,11,17,CENTRAL PENDAM-EAST PENDAM,72.49,58.85,General,7426,3,1,Male,SSP,3168,SUKUMAR PRADHAN,25.1,YOGANIDHI BHANDARI,RIS,M,,SSP,SUKUMAR PRADHAN,-4.59,13.92,-5.81,""
Sikkim,3,1989,11,18,RHENOCK,75.08,60.27,General,5072,4,1,Male,SSP,2295,KHARANANDA UPRETY,26.89,KIRAN CHETTRI,INC,M,,SSP,K. N. UPRETTI,0.530000000000001,8.92,-9.44,""
Sikkim,3,1989,11,19,REGU,77.68,57.69,General,5532,5,1,Male,SSP,2479,RAJENDRA PRASAD UPRETY,21.43,KARNA BAHADUR,INC,M,,SSP,TULSHI SHARMA,11.93,14.11,4.25,""
Sikkim,3,1989,11,20,PATHING BL,73.54,68.75,General,6379,3,1,Male,SSP,3225,RAM LEPCHA,39.76,SANGEY DORJEE,INC,M,,SSP,RAM LEPCHA,-3.97,6.95,-7.58000000000001,""
Sikkim,3,1989,11,21,LOOSING PACHEKHANI,73.78,52.26,General,4821,3,1,Male,SSP,1859,RUPRAJ RAI,8.24,RAM CHANDRA POUDYAL,RIS,M,,SSP,BHAKIA BHADUR KHULAL,-15.22,13.64,-27.33,""
Sikkim,3,1989,11,22,KHAMDONG,66.35,71.26,SC,7043,5,1,Male,SSP,3330,BIRKHAMAN RAMUDAMU,50.44,GANGA DARJEE,RIS,M,,SSP,BIRKHAMAN RAMUKAMI,-9.5,1.28,-13.48,""
Sikkim,3,1989,11,23,DJONGU BL,77.52,73.02,General,4102,3,1,Male,SSP,2322,SONAM CHHYODA LEPCHA,47.55,ATHUP LEPCHA,INC,M,,SSP,SONAM CHODA LEPCHA,10.19,12.38,17.44,""
Sikkim,3,1989,11,24,LACHEN MANGSHILA BL,71,68.09,General,5072,4,1,Male,SSP,2452,TASA TENGEY LEPCHA,39.43,NIMCHING LEPCHA,INC,M,,SSP,THOKCHOK BHUTIA,9.03,9.21,16.99,""
Sikkim,3,1989,11,25,KABI TINGDA BL,73.37,58.05,General,4240,3,1,Male,SSP,1806,HANGU TSHERING BHUTIA,17.29,KALZANG GYATSO,INC,M,,INC,KALZANG GYATSO,9.34999999999999,11.27,2.31,SSP
Sikkim,3,1989,11,26,RAKDONG TENTEK BL,72.76,65.74,General,5540,3,1,Male,SSP,2650,PHUCHUNG BHUTIA,35.23,RINZING TONGDEN,RIS,M,,SSP,PHUCHUNG BHUTIA,3.20999999999999,10.1,-7.95,""
Sikkim,3,1989,11,27,MARTAM BL,73.75,49.37,General,5405,6,1,Male,SSP,1968,CHAMLA TSHERING,21.32,SAMTEN TSHERING,INC,M,,SSP,CHAMLA TSERING BHUTIA,-24.23,3.55,-29.78,""
Sikkim,3,1989,11,28,RUMTEK BL,72.29,65.29,General,6623,3,1,Male,SSP,3126,O. T. BHUTIA,36.53,SONAM PINTSO WANGDI,INC,M,,SSP,ONGAY TOB SHUTIA,3.85000000000001,14.1,-4.76,""
Sikkim,3,1989,11,29,ASSAM-LINGJEY BL,78.14,61.72,General,4891,3,1,Male,SSP,2359,SONAM DUPDEN LEPCHA,30.74,SHERAB PALDEN,INC,M,,SSP,SONAM DAPDEN LEPCHA,5.84,11.86,9.2,""
Sikkim,3,1989,11,30,RANKA BL,73.27,61.81,General,6423,3,1,Male,SSP,2909,DORJEE TSHERING,26.88,SONAM TSH. LEPCHA,INC,M,,SSP,DORJEE TSHERING BHUTIA,-3.75999999999999,6.77,-6.6,""
Sikkim,3,1989,11,31,GANGTOK,66.47,56.4,General,9109,4,1,Male,SSP,3415,MANITA PRADHAN,15.21,DILLI PRASAD DHUNGEL,INC,M,,IND,BALCHAND SARDA,13.23,16.52,9.6,SSP
Sikkim,3,1989,11,32,SANGHA,45.8,54.72,General,3216,6,1,Male,SSP,806,NANJHA GYALTSEN,26.07,BAZING,IND,M,,SSP,NAMKHA GYALTSEN,2.4,13.92,21.43,""
Sikkim,2,1985,5,1,YOKSAM,58.14,49.37,General,5347,8,1,Male,SSP,1535,SANCHA MAN SUBBA,31.81,SHRIJETHA SUBBA,INC,M,,SJP,SANCHAMAN LIMBOO,17.76,-5.58,23.51,SSP
Sikkim,2,1985,5,2,TASHIDING,62,65.95,ST,3879,6,1,Male,SSP,1586,UGEN PINTSO BHUTIA,39.21,DAWGYAL PINTSO BHUTIA,INC,M,,SJP,DAWGYAL PENTSO BHUTIA,18.83,5.04,24.54,SSP
Sikkim,2,1985,5,3,GEYZING,60.06,54.99,General,5153,9,1,Male,SSP,1702,MAN BAHADUR DAHAL,32.73,DAWA NORBU KAZI,IND,M,,SJP,INDRA BAHADUR LIMBOO,21.68,-13.24,25.83,SSP
Sikkim,2,1985,5,4,DENTAM,64.11,77.19,General,4759,7,1,Male,SSP,2355,PADAM LALL GURUNG,60.31,LAXMI PRASAD SUBBA,INC,M,,SCR,PADAM LAL GURUNG,33.96,-3.37,34.34,SSP
Sikkim,2,1985,5,5,BARMIOK,69.74,43.79,General,4214,8,1,Male,SSP,1287,BIRBAL SUBBA,2.42,MANITA PRDHAN,INC,F,,SJP,TIL BAHADUR LIMBU,10.59,3.06999999999999,-10.56,SSP
Sikkim,2,1985,5,6,RINCHENPONG,60.47,45.93,ST,5105,6,1,Male,SSP,1418,ONGDI BHUTIA,24.62,DEGAY BHUTIA,IND,M,,SJP,KATUK BHUTIA,18.05,2.13,19.12,SSP
Sikkim,2,1985,5,7,CHAKUNG,66.29,57.18,General,5129,5,1,Male,SSP,1944,TARAMAN RAI,19.68,BHIM BAHADUR GURUNG,INC,M,,SCR,B.B. GURUNG,-8.49,-3.36,-30.52,SSP
Sikkim,2,1985,5,8,SOREONG,65.56,80.48,General,5618,5,1,Male,SSP,2964,NAR BAHADUR BHANDARI,63.29,DURGA LAMA PRADHAN,INC,F,,SJP,NAR BAHADUR BHANDARI,10.22,6.09,7.41,SSP
Sikkim,2,1985,5,9,DARAMDIN,65.74,63.71,General,5088,5,1,Male,SSP,2131,PADAM BAHADUR GURUNG,32.29,RAM BAHADUR SUBBA,INC,M,,SJP,PADAM BAHADUR GURUNG,-4.6,-3.85000000000001,-23.56,SSP
Sikkim,2,1985,5,10,JORTHANG-NAYABAZAR,69.76,68.89,General,5510,8,1,Male,SSP,2648,BHIM RAJ RAI,53.98,ASHARMAN RAI,INC,M,,SCR,BHIM BAHADUR GURUNG,44.79,-4.59999999999999,52.03,SSP
Sikkim,2,1985,5,11,RALONG,65.84,67.42,ST,3823,7,1,Male,SSP,1697,SONAM GYATSO,44.54,KAZI LHENDUP DORJEE KHANGSHARPA,INC,M,,SCR,CHAMLA TSHERING,41.08,0.109999999999999,40.51,SSP
Sikkim,2,1985,5,12,WAK,61.71,69.1,General,3996,6,1,Male,SSP,1704,BEDU SINGH CHETTRI,43.23,CHANDRA DAS RAI,INC,M,,SPC,GARJAMAN GURUNG,34.72,8.79,36.68,SSP
Sikkim,2,1985,5,13,DAMTHANG,62.94,73.79,General,4911,8,1,Male,SSP,2281,PAWAN KUMAR CHAMLING,57,PRADEEP YONZONG,INC,M,,SCR,PRADEEP YANZONE,47.74,-4.03,55.46,SSP
Sikkim,2,1985,5,14,MELLI,68.2,70.81,General,5094,5,1,Male,SSP,2460,DILLI RAM BASNET,47.38,GRISH CHANDRA RAI,INC,M,,SJP,MOHAN PRASAD SHARMA,43.92,-5.11,41.71,SSP
Sikkim,2,1985,5,15,RATEYPANI - WEST PENDAM,64.43,68.45,SC,5381,5,1,Male,SSP,2373,CHANDRA KUMAR MIHORA,51.6,BADRI THATAL,INC,M,,SCR,BIR BAHADUR LOHAR,14.12,4.31000000000001,28.87,SSP
Sikkim,2,1985,5,16,TEMI-TARKU,64.05,69.83,General,4579,8,1,Male,SSP,2048,INDRA BAHADUR RAI,59.09,D. B. BASNET,INC,M,,SPC,NAR BAHADUR KHATIWADA,32.16,-0.460000000000008,43.91,SSP
Sikkim,2,1985,5,17,CENTRAL PENDAM-EAST PENDAM,58.57,63.44,General,7379,6,1,Male,SSP,2742,SUKUMAR PRADHAN,30.91,B. KHREL,INC,M,,SCR,BHUWANI PRASAD KHAREL,25.5,0.18,14.82,SSP
Sikkim,2,1985,5,18,RHENOCK,66.16,59.74,General,4577,7,1,Male,SSP,1809,K. N. UPRETTI,36.33,B. P. DAHAL,INC,M,,SCR,KHARANANDA UPRETI,36.68,-1.85000000000001,29.65,SSP
Sikkim,2,1985,5,19,REGU,63.57,45.76,General,5026,7,1,Male,SSP,1462,TULSHI SHARMA,17.18,KARNA BAHADUR,INC,M,,SJP,TULSHI SHARMA,19.93,5.95,14.61,SSP
Sikkim,2,1985,5,20,PATHING,66.59,72.72,ST,4971,4,1,Male,SSP,2407,RAM LEPCHA,47.34,SANGAY DORJEE BHUTIA,INC,M,,SCR,RAM LEPCHA,42.07,4.96,39.26,SSP
Sikkim,2,1985,5,21,LOOSING PACHEKHANI,60.14,67.48,General,4403,3,1,Male,SSP,1787,BHAKIA BHADUR KHULAL,35.57,RAM CHANDRA PANDYAL,INC,M,,SCR,JAGAT BANDHU PRADHAN,23.19,5.3,7.92,SSP
Sikkim,2,1985,5,22,KHAMDONG,65.07,80.76,SC,5393,5,1,Male,SSP,2834,BIRKHAMAN RAMUKAMI,63.92,PURNA BAHADUR,INC,M,,SPC,DAL BAHADUR DAMAI,44.81,-8.93000000000001,56.8,SSP
Sikkim,2,1985,5,23,DJONGU,65.14,62.83,ST,3589,5,1,Male,SSP,1469,SONAM CHODA LEPCHA,30.11,ATHUP LEPCHA,INC,M,,SJP,ATHUP LEPCHA,17.04,0.469999999999999,10.95,SSP
Sikkim,2,1985,5,24,LACHEN MANGSHILA,61.79,59.06,ST,4760,4,1,Male,SSP,1737,THOKCHOK BHUTIA,22.44,TENZING DADUL,INC,M,,SJP,TENZING DADUL BHUTIA,13.44,12.09,4.54,SSP
Sikkim,2,1985,5,25,KABI TINGDA,62.1,48.7,ST,3644,7,1,Male,INC,1102,KALZANG GYATSO,14.98,GEYCHING BHUTIA,SSP,M,,SJP,SONAM TSHERING,-1.95,3.29,6.72,INC
Sikkim,2,1985,5,26,RAKDONG TENTEK,62.66,62.53,ST,4668,6,1,Male,SSP,1829,PHUCHUNG BHUTIA,43.18,SONAM TSHERING BHUTIA,INC,M,,SPC,DUGO BHUTIA,4.93,-0.440000000000005,6.26,SSP
Sikkim,2,1985,5,27,MARTAM,70.2,73.6,ST,4090,4,1,Male,SSP,2113,CHAMLA TSERING BHUTIA,51.1,PALDEN WANGCHUN,INC,M,,SJP,SAMTEN TSHERING,36.66,15.01,44.33,SSP
Sikkim,2,1985,5,28,RUMTEK,58.19,61.44,General,5406,6,1,Male,SSP,1933,ONGAY TOB SHUTIA,41.29,RINZING ONGMO,INC,F,,SJP,DADUL BHUTIA,22.41,1.91,27.05,SSP
Sikkim,2,1985,5,29,ASSAM-LINGJEY,66.28,55.88,ST,3621,6,1,Male,SSP,1341,SONAM DAPDEN LEPCHA,21.54,SHERAB PALDEN,INC,M,,SJP,SHERAB PALDEN,-7.94,9.9,-19.2,SSP
Sikkim,2,1985,5,30,RANKA,66.5,65.57,ST,4311,5,1,Male,SSP,1880,DORJEE TSHERING BHUTIA,33.48,NAMGYAL TOPGAY BHUTIA,INC,M,,SCR,DORJI TSHERING BHUTIA,31.72,2.08,32.53,SSP
Sikkim,2,1985,5,31,GANGTOK,49.95,43.17,General,9321,12,1,Male,IND,2010,BALCHAND SARDA,5.61,DIL KUMARI BHANDARI,SSP,F,,SJP,LALL BAHADUR BASNET,4.28,-5.55,-6.53,IND
Sikkim,2,1985,5,32,SANGHA,31.88,52.32,General,2296,2,1,Male,SSP,383,NAMKHA GYALTSEN,4.64,LACHEN GOMCHEN RINPOCHI,INC,M,,IND,LHACHEN GANCHEN RIMPUCHHI,-41.9,-4.92,-83.79,SSP
Sikkim,1,1979,12,1,YOKSAM,63.72,31.61,General,3743,6,1,Male,SJP,754,SANCHAMAN LIMBOO,8.3,ASHOK KUMAR SUBBA,IND,M,,,,,,,
Sikkim,1,1979,12,2,TASHIDING,56.96,47.12,ST,2716,6,1,Male,SJP,729,DAWGYAL PENTSO BHUTIA,14.67,PHURBA WANGYAL LASSOPA,JNP,M,,,,,,,
Sikkim,1,1979,12,3,GEYZING,73.3,33.31,General,3322,11,1,Male,SJP,811,INDRA BAHADUR LIMBOO,6.9,NANDA KUMAR SUBEDI,SCR,M,,,,,,,
Sikkim,1,1979,12,4,DENTAM,67.48,43.23,General,3253,9,1,Male,SCR,949,PADAM LAL GURUNG,25.97,PAHALMAN SUBBA,SJP,M,,,,,,,
Sikkim,1,1979,12,5,BARMIOK,66.67,33.2,General,3108,9,1,Male,SJP,688,TIL BAHADUR LIMBU,12.98,MANITA PRADHAN,SCR,F,,,,,,,
Sikkim,1,1979,12,6,RINCHENPONG,58.34,27.88,ST,3677,6,1,Male,SJP,598,KATUK BHUTIA,5.5,DEGEY BHUTIA,JNP,M,,,,,,,
Sikkim,1,1979,12,7,CHAKUNG,69.65,65.67,General,3509,6,1,Male,SCR,1605,B.B. GURUNG,50.2,KULMAN MUKHIA,SJP,M,,,,,,,
Sikkim,1,1979,12,8,SOREONG,59.47,70.26,General,4387,7,1,Male,SJP,1833,NAR BAHADUR BHANDARI,55.88,KULDIP GURUNG,SCR,M,,,,,,,
Sikkim,1,1979,12,9,DARAMDIN,69.59,68.31,General,3723,5,1,Male,SJP,1770,PADAM BAHADUR GURUNG,55.85,PHURBA SANGEY SHERPA,JNP,M,,,,,,,
Sikkim,1,1979,12,10,JORTHANG-NAYABAZAR,74.36,24.1,General,4208,8,1,Male,SCR,754,BHIM BAHADUR GURUNG,1.95,LILA KUMAR RAI,SJP,M,,,,,,,
Sikkim,1,1979,12,11,RALONG,65.73,26.34,ST,2530,8,1,Male,SCR,438,CHAMLA TSHERING,4.03,SONAM PINTSO TAKAPA,IND,M,,,,,,,
Sikkim,1,1979,12,12,WAK,52.92,34.38,General,2770,10,1,Male,SPC,504,GARJAMAN GURUNG,6.55,DURGA PRASAD RAJALIM,SJP,M,,,,,,,
Sikkim,1,1979,12,13,DAMTHANG,66.97,26.05,General,3788,12,1,Male,SCR,661,PRADEEP YANZONE,1.54,MANI RAJ RAI,SJP,M,,,,,,,
Sikkim,1,1979,12,14,MELLI,73.31,26.89,General,3394,10,1,Male,SJP,669,MOHAN PRASAD SHARMA,5.67,SAILESH CHANDRA PRADHAN,IND,M,,,,,,,
Sikkim,1,1979,12,15,RATEYPANI - WEST PENDAM,60.12,54.33,SC,4127,7,1,Male,SCR,1348,BIR BAHADUR LOHAR,22.73,ISORY MAJHEE,SPC,M,,,,,,,
Sikkim,1,1979,12,16,TEMI-TARKU,64.51,37.67,General,3136,9,1,Male,SPC,762,NAR BAHADUR KHATIWADA,15.18,HARIKRISHNA SHARMA,SJP,M,,,,,,,
Sikkim,1,1979,12,17,CENTRAL PENDAM-EAST PENDAM,58.39,37.94,General,6076,10,1,Male,SCR,1346,BHUWANI PRASAD KHAREL,16.09,TOGA NIDHI BHANDARI,SJP,M,,,,,,,
Sikkim,1,1979,12,18,RHENOCK,68.01,23.06,General,3214,10,1,Male,SCR,504,KHARANANDA UPRETI,6.68,BHUWANI PRASAD DAHAL,JNP,M,,,,,,,
Sikkim,1,1979,12,19,REGU,57.62,25.83,General,4179,9,1,Male,SJP,622,TULSHI SHARMA,2.57,KARNA BAHADUR,IND,M,,,,,,,
Sikkim,1,1979,12,20,PATHING,61.63,30.65,ST,3774,9,1,Male,SCR,713,RAM LEPCHA,8.08,CHITIM BHUTIA,SJP,M,,,,,,,
Sikkim,1,1979,12,21,LOOSING PACHEKHANI,54.84,44.29,General,3660,10,1,Male,SCR,889,JAGAT BANDHU PRADHAN,27.65,BANS BAHADUR BASNET,SJP,M,,,,,,,
Sikkim,1,1979,12,22,KHAMDONG,74,35.95,SC,3304,6,1,Male,SPC,879,DAL BAHADUR DAMAI,7.12,TILOCHAN,SJP,M,,,,,,,
Sikkim,1,1979,12,23,DJONGU,64.67,45.79,ST,2921,4,1,Male,SJP,865,ATHUP LEPCHA,19.16,KAZI LHENDUP DORJEE KANGSARPA,JNP,M,,,,,,,
Sikkim,1,1979,12,24,LACHEN MANGSHILA,49.7,45.62,ST,3811,5,1,Male,SJP,864,TENZING DADUL BHUTIA,17.9,TASHA TENGAY LEPCHA,JNP,M,,,,,,,
Sikkim,1,1979,12,25,KABI TINGDA,58.81,50.65,ST,2860,5,1,Male,SJP,852,SONAM TSHERING,8.26,KALZANG GYATSO,JNP,M,,,,,,,
Sikkim,1,1979,12,26,RAKDONG TINTEK,63.1,57.6,ST,3816,5,1,Male,SPC,1387,DUGO BHUTIA,36.92,LODEN TSERING BHUTIA,SJP,M,,,,,,,
Sikkim,1,1979,12,27,MARTAM,55.19,36.94,ST,3586,6,1,Male,SJP,731,SAMTEN TSHERING,6.77,RAPZANG LAMA,SPC,M,,,,,,,
Sikkim,1,1979,12,28,RUMTEK,56.28,39.03,ST,4316,8,1,Male,SJP,948,DADUL BHUTIA,14.24,KARMA GYAMPO BHUTIA,SPC,M,,,,,,,
Sikkim,1,1979,12,29,ASSAM LINGJEY,56.38,63.82,ST,3113,4,1,Male,SJP,1120,SHERAB PALDEN,40.74,PHUCHUNG TSHERING,SCR,M,,,,,,,
Sikkim,1,1979,12,30,RANKA,64.42,33.85,ST,3114,5,1,Male,SCR,679,DORJI TSHERING BHUTIA,0.95,SONAM TSHERING BHUTIA,SJP,M,,,,,,,
Sikkim,1,1979,12,31,GANGTOK,55.5,38.89,General,7908,17,1,Male,SJP,1707,LALL BAHADUR BASNET,12.14,DORJEE DADUL,JNP,M,,,,,,,
Sikkim,1,1979,12,32,SANGHA,36.8,94.22,General,2114,2,1,Male,IND,733,LHACHEN GANCHEN RIMPUCHHI,88.43,PEMA LAMA,SPC,M,,,,,,,
